{
  "project_info": {
    "project_number": "1089376393691",
    "firebase_url": "https://jokeapp-9a588.firebaseio.com",
    "project_id": "jokeapp-9a588",
    "storage_bucket": "jokeapp-9a588.appspot.com"
  },
  "client": [
    {
      "client_info": {
        "mobilesdk_app_id": "1:1089376393691:android:1c2a8b2c830ab352516ffe",
        "android_client_info": {
          "package_name": "com.example.jokeapp"
        }
      },
      "oauth_client": [
        {
          "client_id": "1089376393691-6pf1ga727jo2dlo86lgifpu9tq3eedr0.apps.googleusercontent.com",
          "client_type": 3
        }
      ],
      "api_key": [
        {
          "current_key": "AIzaSyAZiPnxzr58ezHaifx-gvjrMq15uhdosA0"
        }
      ],
      "services": {
        "appinvite_service": {
          "other_platform_oauth_client": [
            {
              "client_id": "1089376393691-6pf1ga727jo2dlo86lgifpu9tq3eedr0.apps.googleusercontent.com",
              "client_type": 3
            }
          ]
        }
      }
    }
  ],
  "configuration_version": "1"
}